productName,defaultPrice,unit,description
"PVC Tape (Red, Yellow, Black, Blue)",65,Nos,"Unit: Nos. Source: quotation QT-PS-001 dated 03-09-2026. Price in PKR, exclusive of GST."
Cable Ties 150 mm,220,Pkt,"Unit: Pkt. Source: quotation QT-PS-001 dated 03-09-2026. Price in PKR, exclusive of GST."
Cable Ties 200 mm,300,Pkt,"Unit: Pkt. Source: quotation QT-PS-001 dated 03-09-2026. Price in PKR, exclusive of GST."
Cable Tie 300 mm,450,Pkt,"Unit: Pkt. Source: quotation QT-PS-001 dated 03-09-2026. Price in PKR, exclusive of GST."
Timble Lug & Shroud 1.5mm (100),400,Pkt,"Unit: Pkt. Source: quotation QT-PS-001 dated 03-09-2026. Price in PKR, exclusive of GST."
Timble Lug & Shroud 2.5mm (100),500,Pkt,"Unit: Pkt. Source: quotation QT-PS-001 dated 03-09-2026. Price in PKR, exclusive of GST."
Timble Lug & Shroud 4mm (100),750,Pkt,"Unit: Pkt. Source: quotation QT-PS-001 dated 03-09-2026. Price in PKR, exclusive of GST."
Timble Lug & Shroud 6mm (per piece),11,Nos,"Unit: Nos. Source: quotation QT-PS-001 dated 03-09-2026. Price in PKR, exclusive of GST."
Timble Lug & Shroud 10mm (per piece),21,Nos,"Unit: Nos. Source: quotation QT-PS-001 dated 03-09-2026. Price in PKR, exclusive of GST."
Timble Lug & Shroud 16mm (per piece),30,Nos,"Unit: Nos. Source: quotation QT-PS-001 dated 03-09-2026. Price in PKR, exclusive of GST."
Timble Lug & Shroud 25mm (per piece),40,Nos,"Unit: Nos. Source: quotation QT-PS-001 dated 03-09-2026. Price in PKR, exclusive of GST."
Timble Lug & Shroud 35mm (per piece),50,Nos,"Unit: Nos. Source: quotation QT-PS-001 dated 03-09-2026. Price in PKR, exclusive of GST."
Timble Lug & Shroud 70mm (per piece),90,Nos,"Unit: Nos. Source: quotation QT-PS-001 dated 03-09-2026. Price in PKR, exclusive of GST."
"1.5 mm Cable (Red, Yellow, Blue, Black) COPPERGAT",7250,Coil,"Unit: Coil. Source: quotation QT-PS-001 dated 03-09-2026. Price in PKR, exclusive of GST."
Cable Black 2.5 mm 7/29 (90 Mtr) COPPERGAT,12500,Coil,"Unit: Coil. Source: quotation QT-PS-001 dated 03-09-2026. Price in PKR, exclusive of GST."
Heat Shrink Sleeve Wrap Tube - Polyolefin (for 50sqmm Cable),150,Meter,"Unit: Meter. Source: quotation QT-PS-001 dated 03-09-2026. Price in PKR, exclusive of GST."
Heat Shrink Sleeve Wrap Tube - Polyolefin (for 120sqmm Cable),275,Meter,"Unit: Meter. Source: quotation QT-PS-001 dated 03-09-2026. Price in PKR, exclusive of GST."
Heat Shrink Sleeve Wrap Tube - Polyolefin (for 300sqmm Cable),350,Meter,"Unit: Meter. Source: quotation QT-PS-001 dated 03-09-2026. Price in PKR, exclusive of GST."
DB Selector Switch,750,Nos,"Unit: Nos. Source: quotation QT-PS-001 dated 03-09-2026. Price in PKR, exclusive of GST."
Selector Switch 32 Amp 3 Pole,1200,Nos,"Unit: Nos. Source: quotation QT-PS-001 dated 03-09-2026. Price in PKR, exclusive of GST."
Selector Switch 50 Amp 3 Pole,2000,Nos,"Unit: Nos. Source: quotation QT-PS-001 dated 03-09-2026. Price in PKR, exclusive of GST."
Selector Switch 75 Amp 3 Pole,3200,Nos,"Unit: Nos. Source: quotation QT-PS-001 dated 03-09-2026. Price in PKR, exclusive of GST."
"Flexible Pipe white 1""",55,Ft,"Unit: Ft. Source: quotation QT-PS-001 dated 03-09-2026. Price in PKR, exclusive of GST."
Magnetic Contractor 25 Amp SCHNEIDER,3500,Nos,"Unit: Nos. Source: quotation QT-PS-001 dated 03-09-2026. Price in PKR, exclusive of GST."
Magnetic Contractor 32 Amp SCHNEIDER,4500,Nos,"Unit: Nos. Source: quotation QT-PS-001 dated 03-09-2026. Price in PKR, exclusive of GST."
Phase Sequence Relay,8000,Nos,"Unit: Nos. Source: quotation QT-PS-001 dated 03-09-2026. Price in PKR, exclusive of GST."
Overload Relay EOCR SS 0.5-6A (SCHNEIDER),3000,Nos,"Unit: Nos. Source: quotation QT-PS-001 dated 03-09-2026. Price in PKR, exclusive of GST."
Overload Relay EOCR SS 6-60A (SCHNEIDER),3000,Nos,"Unit: Nos. Source: quotation QT-PS-001 dated 03-09-2026. Price in PKR, exclusive of GST."
Timer FUJI Super timer 8PIN 100VAC-240VAC ST3P,2800,Nos,"Unit: Nos. Source: quotation QT-PS-001 dated 03-09-2026. Price in PKR, exclusive of GST."
Timer FUJI Super timer 0-60sec AH31C 240VAC,1500,Nos,"Unit: Nos. Source: quotation QT-PS-001 dated 03-09-2026. Price in PKR, exclusive of GST."
Phase Sequence Relay Schnieder RM22/RM35,14300,Nos,"Unit: Nos. Source: quotation QT-PS-001 dated 03-09-2026. Price in PKR, exclusive of GST."
Phase Sequence Relay ZAHRA RST25,4000,Nos,"Unit: Nos. Source: quotation QT-PS-001 dated 03-09-2026. Price in PKR, exclusive of GST."
Voltage Control Relay SCHNEIDER RM22 TR33,16250,Nos,"Unit: Nos. Source: quotation QT-PS-001 dated 03-09-2026. Price in PKR, exclusive of GST."
"12V DC, 10A Power supply",22000,Nos,"Unit: Nos. Source: quotation QT-PS-001 dated 03-09-2026. Price in PKR, exclusive of GST."
